云南大学考研专业课压分?校方:卷面无异常情况,http://news.163.com/19/0225/10/E8RSKOVN00018AOR.html
云南大学考研专业课压分事件最新通报:不存在恶意压低分数,http://www.mnw.cn/edu/news/2131726.html
云南大学考研专业课压分引关注 校方回应,http://www.xy178.com/news/50233.html
云南大学考研专业课压分?校方:卷面无异常情况,http://hebei.ifeng.com/a/20190225/7234835_0.shtml
云南大学召开学科计划发布会 向媒体介绍四大学科计划,http://www.gaokao.com/e/20190223/5c7146a65b52b.shtml
2019云南大学EMBA专业考研调剂意向登记,http://kaoyan.xdf.cn/201902/10858553.html
云南大学省政协委员、人大代表参加云南省“两会”,http://www.gx211.com/news/20190223/n15509144543268.html
云南大学召开中层干部扩大会议 安排部署2019年各项工作,http://www.gx211.com/news/20190222/n15507975637983.html
云南大学入选全国“三全育人”综合改革试点高校,http://www.huaue.com/unews2019/2019213173510.htm
云南大学考研专业课压分?校方:卷面无异常情况,http://www.dzwww.com/xinwen/shehuixinwen/201902/t20190225_18429541.htm
发挥学科优势服务“一带一路”,http://www.ce.cn/xwzx/gnsz/gdxw/201902/11/t20190211_31440259.shtml
云南大学关于2019年硕士研究生招生考试初试成绩查询入口 - 云南...,http://www.mbachina.com/html/ynu/201902/181179.html
云南大学入选全国“三全育人”综合改革试点高校,http://www.gx211.com/news/20190223/n15509149861570.html
嘀嗒出行2019年春运成绩单发布 在昆务工人员感谢“顺风车”,http://3g.163.com/news/article/E8RURNVI00018AP2.html
部省合建 支持中西部地区14所高等学校发展,http://edu.163.com/19/0225/10/E8RRJKK600297VGM.html
云南:办人民满意教育 答好群众“关切题”,http://yn.people.com.cn/n2/2019/0225/c378439-32676771.html
我省持续提高教育发展保障水平,http://www.prcfe.com/web/2019/0224/340117.html
2018云南“钱袋子”收支如何? 2019“财政蛋糕”怎么分?,http://www.prcfe.com/web/2019/0224/340116.html
熊磊任云南中医药大学校长,http://www.huaue.com/news2019/2019224100248.htm
【热点关注】罕见病患者迎来利好,http://www.ce.cn/xwzx/gnsz/gdxw/201902/24/t20190224_31549148.shtml
"知网是个什么东西啊,好暴利",http://it.szonline.net/contents/20190223/20190234645.html
【澎湃问政】_夜昆明 越夜越美丽_权威发布_澎湃新闻-ThePaper.cn,http://www.thepaper.cn/newsDetail_forward_3030039
知网知网 知否“社会责任”,http://www.njdaily.cn/2019/0223/1754996.shtml
云南省政府发布一批人事任免名单 涉及多名领导干部,http://yn.people.com.cn/n2/2019/0223/c378439-32674384.html
科学家揭开寒武纪泛甲壳类起源之谜,http://yishu.sdnews.com.cn/ysyx/201902/t20190222_2516022.htm
垄断暴利 查重最贵 中国知网到底是个什么东西?,http://edu.sina.com.cn/l/2019-02-22/doc-ihrfqzka8080861.shtml
欧浦智网股份有限公司关于对深圳证券交易所关注函的回复公告,http://finance.sina.com.cn/roll/2019-02-22/doc-ihrfqzka7997546.shtml
清洁燃料需求增加 炼油催化剂迎来好年景,http://www.ccin.com.cn/detail/1614d6ec6e0839d44ba19c51901e2d08
"专业第三可能无法达国家线,华东师大等高校被疑“压分”",http://bj.jjj.qq.com/a/20190220/008968.htm
我校新增2个省重点实验室和4个省工程技术研究中心,http://news.sina.com.cn/o/2019-02-20/doc-ihrfqzka7529314.shtml
"步BP机后尘,手机于5年后谢幕?",http://tech.gmw.cn/2019-02/20/content_32533587.htm
云南昆明市委书记与政协委员共话城市建设,http://www.rmzxb.com.cn/c/2019-02-20/2287553.shtml
陈景:一生攀越科学险峰,http://news.gmw.cn/2019-02/20/content_32531359.htm?s=gmwreco2
澳大利亚新南威尔士大学与上海交通大学战略合作十年成果丰硕,http://news.sina.com.cn/w/2019-02-19/doc-ihqfskcp6719325.shtml
首师大回应“压分”:严格按规定进行 不存在压分,http://news.sina.com.cn/c/2019-02-19/doc-ihrfqzka7300093.shtml
“让群众声音进入改革议题”,https://www.yndaily.com/html/2019/yaowenyunnan_0219/112234.html
双一流毕业生中西部就业比例逐年提高,http://house.ifeng.com/news/2019_02_19-51888466_0.shtml
2019年昆明市“两会”热议滇池治理 争取2020年水质稳定达Ⅳ类,http://www.dzwww.com/xinwen/guoneixinwen/201902/t20190218_18407029.htm
民企渐成双一流高校毕业生流向高地,http://finance.sina.com.cn/roll/2019-02-18/doc-ihqfskcp6131802.shtml
翟“博士”不知的知网:多年毛利率60% 垄断质疑不断,http://news.hexun.com/2019-02-15/196145423.html
翟天临不知的知网毛利率59%:同方摇钱树 订费涨涨涨,http://finance.sina.com.cn/stock/s/2019-02-15/doc-ihqfskcp5323023.shtml
悲催的情人节 杀妻骗保案被曝涉保险诈骗金额2676万,http://finance.sina.com.cn/money/insurance/bxdt/2019-02-15/doc-ihrfqzka5889345.shtml
贵州大学入选第二批“三全育人”改革试点单位,http://www.gog.cn/zonghe/system/2019/02/13/017107274.shtml
省政府出台促进就业实施意见|裁员|就业|省政府_新浪新闻,http://news.sina.com.cn/c/2019-02-12/doc-ihrfqzka5112089.shtml
云南八部门联手防控儿童青少年近视,http://news.sina.com.cn/o/2019-02-12/doc-ihrfqzka5052997.shtml
扭曲事实抹黑中国 土耳其的底气来自哪?,http://opinion.haiwainet.cn/n/2019/0212/c345437-31494564.html
土耳其抹黑中国底气在哪?专家:认为中国不会翻脸,http://news.sina.com.cn/c/2019-02-12/doc-ihrfqzka5036813.shtml
[发行]兴业基金管理有限公司:兴业6个月定开债券:更新招募说明书(...,http://www.cfi.net.cn/p20190211000311.html
名校毕业生去哪儿了“双一流”高校公布就业成绩单,http://www.hsrb.com.cn/a/jiaoyu/1/2019/0211/191278.html
5G时代软件江湖 产业升级该往何处去,http://www.cnr.cn/tech/techgd/20190129/t20190129_524496932.shtml
