山西大学2019年考研初试成绩查询时间:2月15日,https://kaoyan.eol.cn/ge_di_kao_yan/shanxi/shan_xi/201902/t20190215_1644643.shtml
"山西省的大学排行榜出炉,山西大学位居第一!",http://hunan.news.163.com/16/0614/10/E6UIFR9F05372ICN.html
山西大学极端光学省部共建协同创新中心揭牌,http://www.sx.xinhuanet.com/2019-02/02/c_1124078199.htm
研招分数出炉 调剂、再战还是放弃,http://news.jstv.com/a/20190225/1551063165154.shtml
全国高校教师教学竞赛分析报告(2012-2018),https://www.eol.cn/news/yaowen/201902/t20190225_1645917.shtml
部省合建 支持中西部地区14所高等学校发展,http://edu.163.com/19/0225/10/E8RRJKK600297VGM.html
研招分数出炉 围观考研“陪跑大军”的表情包,http://edu.enorth.com.cn/system/2019/02/25/036887127.shtml
《第一书记》唱响三晋大地,http://gy.youth.cn/gywz/201902/t20190225_11878615.htm
2019年《政府工作报告》解读,http://www.tywbw.com/jdgz/c/2019-02/25/content_135285.htm
亚洲最大真人游戏平台_中国信息产业网_hao123,http://www.cnii.com.cn/mobileinternet/2019-02/22/content_6713088.htm
亚洲最大真人游戏平台_中国信息产业网_hao123,http://www.cnii.com.cn/mobileinternet/2019-02/22/content_6713088.htm
“山间”兰昭形与杨人倩作品展,http://www.cnarts.net/cweb/news/read.asp?id=430801
“说上话的人”促北平和平解放 _光明网,http://mil.gmw.cn/2019-02/21/content_32541193.htm
鸿利在线真钱介绍,http://www.huagu.com/wlhXf86579/1076.html
山西大学在全国排名2019年最新,http://gaokao.xdf.cn/201901/10850726.html
山西大学旧址,http://news.sina.com.cn/o/2018-11-15/doc-ihmutuec0250718.shtml
符惠明任山西大学党委书记(图/简历),http://renshi.people.com.cn/n1/2018/1029/c139617-30367571.html
"北大学者型领导空降山西大学,非一流大学能否逆袭?",https://edu.qq.com/a/20181027/003909.htm
黄桂田任山西大学校长(图/简历),http://renshi.people.com.cn/n1/2018/0930/c139617-30323520.html
破格提拔!北大正处级干部黄桂田出任山西大学校长,http://news.163.com/18/0930/12/DSUV71E2000187VE.html
为绿色发展添新动力,http://www.dzwww.com/xinwen/guoneixinwen/201902/t20190218_18403317.htm
陕西引导鼓励高校毕业生到基层和中小微企业就业,http://news.sina.com.cn/c/2019-02-18/doc-ihqfskcp6222148.shtml
"山西高校ESI全球排名进步明显,山西医科大学进步幅度最大",http://www.wokeji.com/02/difangdongt/2019-02/17/content_750534.shtml
全省高校ESI全球排名进步明显|排名|全省|山西医科大学_新浪新闻,http://news.sina.com.cn/c/2019-02-17/doc-ihqfskcp5881906.shtml
"全通教育响应教育信息化发展,让偏远地区的孩子也能“走进”名校...",http://news.sina.com.cn/o/2019-02-15/doc-ihqfskcp5585604.shtml
@:江苏考生江苏食品药品职业技术学院2019年提前招生章程出炉!,https://www.eol.cn/jiangsu/jiangsunews/201902/t20190215_1644653.shtml
(招生代码1350)淮安信息职业技术学院2019年高职提前招生章程权威...,https://www.eol.cn/jiangsu/jiangsunews/201902/t20190215_1644661.shtml
"江苏高考新方案将公布,望高水平大学多投放招生计划",http://news.sina.com.cn/o/2019-02-15/doc-ihqfskcp5410931.shtml
"酒驾男翻墙逃跑 没想到误闯武警大院,结果……",http://news.sina.com.cn/o/2019-02-15/doc-ihqfskcp5340639.shtml
清华大学等47个首批高校科技成果转化基地公示,http://news.sina.com.cn/c/2019-02-13/doc-ihrfqzka5427764.shtml
春运出行高峰:鲜亮志愿红 温暖回家路,http://www.huaxia.com/xw/zhxw/2019/02/6023444.html
"市场机会|山西推行煤层气矿权改革,龙头企业受益",http://news.sina.com.cn/o/2019-02-12/doc-ihrfqzka5055968.shtml
“盯左促直”提高通行效率|通行|曲江|执勤_新浪新闻,http://news.sina.com.cn/o/2019-02-12/doc-ihqfskcp4437710.shtml
陕西推出多项措施加强保障和改善民生,http://news.sina.com.cn/c/2019-02-09/doc-ihrfqzka4433389.shtml
山西大学旧址,http://news.sina.com.cn/o/2018-11-15/doc-ihmutuec0250718.shtml
符惠明任山西大学党委书记(图/简历),http://renshi.people.com.cn/n1/2018/1029/c139617-30367571.html
"北大学者型领导空降山西大学,非一流大学能否逆袭?",https://edu.qq.com/a/20181027/003909.htm
山西大学原校长贾锁堂:有“帽子” 才能名正言顺,http://news.sina.com.cn/c/2018-10-27/doc-ifxeuwws8573704.shtml
黄桂田任山西大学校长(图/简历),http://renshi.people.com.cn/n1/2018/0930/c139617-30323520.html
破格提拔!北大正处级干部黄桂田出任山西大学校长,http://news.163.com/18/0930/12/DSUV71E2000187VE.html
"2018山西省大学一流专业排名,山西大学第一",http://learning.sohu.com/20180629/n540251627.shtml
山西大学2018年招生章程,"https://gaokao.chsi.com.cn/sch/viewZszc--infoId-2042712005,categoryId-4500176,schId-91.dhtml"
山西大学赋,http://sx.people.com.cn/n2/2017/1024/c352644-30854758.html
2018年山西大学旅游管理硕士MTA招生简章及专业目录,http://www.hqwx.com/web_news/html/2017-10/15078825499470.html
山西大学第十九届研究生支教团成员介绍,http://xibu.youth.cn/gzdt/gddt/201709/t20170922_10762991.htm
山西大学2017年运动训练专业招生简章,https://gaokao.chsi.com.cn/gkxx/tylzs/zsjz/201701/20170118/1579825025.html
录播:2016年CUBA西北赛区男子组决赛 太原理工vs山西大学,http://www.lesports.com/video/25206945.html
山西大学举行2016新年音乐会,http://www.gx211.com/news/201614/n6929330581.html
山西大学校史沿革,https://www.chsi.com.cn/ycnews/201301/20130129/388149634.html
山西大学喜迎110周岁华诞(图),http://www.sxrb.com/sxxww/xwpd/sx/1562237.shtml
