广西大学生创业孵化基地入驻瀚林学府签约仪式圆满落幕,http://www.jiemian.com/article/2890734.html
广西大学2019商学院EMBA调剂信息通知,http://kaoyan.xdf.cn/201902/10858217.html
2019广西大学电气工程学院考研调剂信息,http://kaoyan.xdf.cn/201902/10858148.html
广西大学:将“四个服务”融入人才培养,http://www.gxnews.com.cn/staticpages/20190220/newgx5c6c868c-18055135.shtml
广西大学商学院2019年MBA接收调剂通知,http://www.mbachina.com/html/gxu/20190219/181340.html
广西大学2019年考研初试成绩查询时间:2月15日,http://www.hqwx.com/web_news/html/2019-2/15504755117571.html
郑皆连:为了壮美广西新跨越,http://news.gmw.cn/2019-02/22/content_32543543.htm
广西大学领导慰问后勤保卫一线职工代表,http://www.gx211.com/news/20190211/n15498556953279.html
广西大学2019年艺术类专业招生简章,http://gaokao.xdf.cn/201902/10851312.html
广西大学行健文理学院组织收看2019年全区教育工作视频会议,http://www.gx211.com/news/20190225/n15510617701084.html
广西优化配置科技创新资源,http://www.nanning.gov.cn/ywzx/zzqyw/t1616699.html
部省合建 支持中西部地区14所高等学校发展,http://edu.163.com/19/0225/10/E8RRJKK600297VGM.html
广西召开全区教育大会 坚持科教兴桂和人才强桂战略,http://www.ceiea.com/html/201902/201902250944413799.shtml
农民创业:助力脱贫攻坚与乡村振兴的新力量,http://www.cssn.cn/zx/201902/t20190225_4835613_1.shtml
邕宁区蒲庙镇家庭农场带领周边贫困群众发展生产 - 县区动态 - ...,http://www.nanning.gov.cn/ywzx/xqdt/t1616457.html
聚焦广西落实习近平总书记全国两会重要讲话精神 央视《新闻联播》...,http://news.gxtv.cn/News-2107903-1.html
广西全区教育大会在南宁闭幕 破解难题办好教育,http://www.tibet.cn/cn/Instant/domestic/201902/t20190224_6510720.html
广西今年将新建200所公办幼儿园 未来5年高校达100所,http://gx.sina.com.cn/news/sh/2019-02-24/detail-ihrfqzka8617363.shtml
南阳师范学院研究生招生信息_南阳师范学院2019-研究生招生报名...,https://souky.eol.cn/news/takeinfo/1214/54666.html
【领航新时代】广西:绘锦绣八桂 做山海文章,http://news.cnr.cn/native/gd/20190223/t20190223_524519916.shtml
景德镇陶瓷大学2019年材料学院硕士研究生调剂招生指南来啦!,https://www.eol.cn/jiangxi/xiaoyuanjx/201902/t20190223_1645856.shtml
"wj,vc",http://stock.huagu.com/iisoqi971485518/045Rt.html
中国教育报,http://paper.jyb.cn/wap/html/2019-02/23/content_513402.htm?div=-1
广西召开全区教育大会,http://www.moe.gov.cn/jyb_xwfb/s5147/201902/t20190225_370961.html
"全国MBA,MPAcc,MEM,MPA调剂院校的信息都在这里",http://3g.163.com/news/article/E8L2UT8S0530807C.html
"全区教育大会召开,划重点-- 广西教育资讯--中国教育在线",https://www.eol.cn/guangxi/guangxi_news/201902/t20190222_1645785.shtml
广西手机报2月22日上午版,http://www.gxnews.com.cn/staticpages/20190222/newgx5c6f6c7e-18061361.shtml
加强效能建设 提高服务能力——广西壮族自治区全力构建和谐劳动关系,http://www.chinajob.gov.cn/c/2019-02-22/93449.shtml
鹿心社:加快推进教育现代化 办好人民满意的教育 为建设壮美广西共...,http://cpc.people.com.cn/n1/2019/0222/c64102-30897090.html
洛希极限: 天体是否被撕碎的关键词 _光明网,http://tech.gmw.cn/2019-02/21/content_32539822.htm
自治区党委政府召开全区教育大会,http://news.sina.com.cn/c/2019-02-21/doc-ihqfskcp7358044.shtml
“留学广西”渐成知名品牌 教育开放多点开花,http://finance.chinanews.com/sh/2019/02-21/8760989.shtml
人工繁育穿山甲大量死亡 广西林业部门作出回应,http://3g.163.com/news/article/E8HVRHGS04408DEB.html
教育部发布校车安全风险预警 坚决抵制“黑校车”,http://news.sina.com.cn/o/2019-02-21/doc-ihrfqzka7830389.shtml
唐咸兴当选南宁市政协副主席(简历),http://district.ce.cn/newarea/sddy/201902/20/t20190220_31522705.shtml?spm=smpc.content.content.1.1550966548914gtsEH28
海关创新实验室落户南宁,http://www.gxnews.com.cn/staticpages/20190220/newgx5c6ce3cb-18055482.shtml
都安瑶族自治县:助学贷款雪中送炭,http://news.gxnews.com.cn/staticpages/20190220/newgx5c6c868c-18062576.shtml
钟山电商过年不打烊,http://www.gxnews.com.cn/staticpages/20190220/newgx5c6c868c-18055215.shtml
百色市:乡村从教大有可为,http://www.gxnews.com.cn/staticpages/20190220/newgx5c6c868c-18055115.shtml
湖南红柳桉木价格-免费样品提供,http://news.hainan.net/hainan/flxx/jex1j-311059-20467.html
邓清河出席广西政协十二届二次会议,http://www.cinic.org.cn/zgzz/shangye/471841.html
留给南宁的时间不多了,https://www.huxiu.com/article/285058.html?f=member_article
马山推广林下套种金花茶,http://www.gxnews.com.cn/staticpages/20190219/newgx5c6b3998-18050888.shtml
广西大学2019年工商管理硕士(MBA)招生简章,http://www.mbachina.com/html/gxu/20190220/181395.html
陈武主持召开自治区政府常务会议,http://www.gxnews.com.cn/staticpages/20190218/newgx5c6a8d6b-18050027.shtml
"130只走私穿山甲被查获后,寄养在人工繁育机构全部“因救护失败...",https://www.jfdaily.com/news/detail?id=133599
“救护失败死亡”的130只穿山甲,http://finance.sina.com.cn/roll/2019-02-18/doc-ihqfskcp6160577.shtml
穿山甲救助困境:放生还是人工繁育?,http://finance.sina.com.cn/roll/2019-02-18/doc-ihqfskcp6160199.shtml
穿山甲养殖乱象频发 为增重活体穿山甲被灌水泥,http://news.sina.com.cn/s/2019-02-18/doc-ihqfskcp6141895.shtml
广西:用影像记录乡土文化,http://news.gmw.cn/2019-02/18/content_32516843.htm
