青海大学2019年考研初试成绩查询及复核公告,http://www.hqwx.com/web_news/html/2019-2/15501143973537.html
青海大学2019年考研初试成绩查询时间:2月15日,http://kaoyan.xdf.cn/201902/10853096.html
青海:筑牢生态安全屏障 各族群众共享幸福,http://news.yuanlin.com/detail/2019225/272601.htm
全国高校教师教学竞赛分析报告(2012-2018),https://www.eol.cn/news/yaowen/201902/t20190225_1645917.shtml
部省合建 支持中西部地区14所高等学校发展,http://edu.163.com/19/0225/10/E8RRJKK600297VGM.html
筑牢生态安全屏障 各族群众共享幸福(在习近平新时代中国特色...,http://news.enorth.com.cn/system/2019/02/25/036886660.shtml
以制度化推进实施 乡村振兴战略 - 青海日报社数字报刊平台,http://epaper.tibet3.com/qhrb/html/2019-02/25/content_561794.htm
新春走基层 歌舞声里话幸福,http://www.qhbtv.com/new_index/kds/folder474/folder1029/folder3081/2019-02-24/1072050.html
筑牢生态安全屏障 各族群众共享幸福——青海落实习近平总书记全国...,http://www.cnr.cn/newscenter/native/gd/20190224/t20190224_524520182.shtml
青海落实习近平总书记全国两会重要讲话精神纪实,http://news.e23.cn/guonei/2019-02-24/2019022400103.html
西宁: 推进“一优两高”共青团发力,http://news.k618.cn/tuanxun/201902/t20190223_17215505.html
凤凰彩票28介绍,http://finance.huagu.com/ggto49030/75/
青海大学2019年考研初试成绩查询时间:2月15日,http://kaoyan.xdf.cn/201902/10853096.html
为推进“一优两高”战略提供人才支撑,http://www.tibet.cn/cn/edu/201902/t20190222_6509435.html
刘宁在调研高等教育工作时强调全面提升高等教育综合能力 为推进“...,http://news.sina.com.cn/c/2019-02-22/doc-ihqfskcp7462339.shtml
我省印发《进一步关心关爱专家人才的十条措施》,http://www.qh.gov.cn/zwgk/system/2019/02/22/010324614.shtml
巩固提升现有锂电产业规模时代新能源新增3条锂电池生产线投产,http://news.sina.com.cn/c/2019-02-22/doc-ihrfqzka8055124.shtml
西宁市人大代表履职尽责用心为民 - 西宁晚报·数字报刊,http://www.xnwbw.com/html/2019-02/22/content_166650.htm
司法干警紧急医疗救治有了“绿色通道”,http://www.qhbtv.com/new_index/yaowen/2019-02-21/1070519.html
西宁市确定今年30项重点民生实事,http://www.huaxia.com/qh-tw/qhyw/2019/02/6031901.html
"科技标杆,引领行业升级",http://www.qh.gov.cn/zwgk/system/2019/02/21/010324559.shtml
"顺德爱博恩祁贵德,30年的坚守无影灯下,不负重托!",http://www.cet.com.cn/xwsd/2164736.shtml
我校新增2个省重点实验室和4个省工程技术研究中心,http://news.sina.com.cn/o/2019-02-20/doc-ihrfqzka7529314.shtml
今年西宁重点民生实事项目公布|民生实事|西宁|群众_新浪新闻,http://news.sina.com.cn/c/2019-02-20/doc-ihqfskcp6913045.shtml
"聚焦攻坚战:达坂山下,一个个脱贫故事……",http://www.qh.gov.cn/zwgk/system/2019/02/19/010324348.shtml
山西建有特色高水平本科教育|本科教育|学科|授课_新浪新闻,http://news.sina.com.cn/o/2019-02-19/doc-ihqfskcp6477188.shtml
创新驱动中的中国之路——政协委员谈习近平总书记2013年参加政协...,http://www.rmzxb.com.cn/c/2019-02-15/2284076.shtml
青海省2019年硕士研究生初试成绩2月15日公布,http://edu.sina.com.cn/kaoyan/2019-02-14/doc-ihqfskcp5147280.shtml
"七成年轻人接受精神异地恋,分手是否成为必然结局?",http://www.haijiangzx.com/2019/0214/2011485.shtml
大学生调查:超7成接受异地恋多认为分手是结局,http://edu.enorth.com.cn/system/2019/02/14/036847008.shtml
人道·博爱·奉献——青海红十字事业五年综述,http://www.qh.gov.cn/zwgk/system/2019/02/14/010324039.shtml
元氏6公分国槐哪里价格便宜,http://news.hainan.net/hainan/flxx/ejomk-2935812-9585.html
"调查:超7成大学生接受异地恋,超7成大学生认为分手是结局",http://www.thepaper.cn/newsDetail_forward_2979069
义马8公分国槐多少钱,http://news.hainan.net/hainan/flxx/ejomk-2935812-8889.html
2019年全省第一批国家级继续医学教育项目公布,http://www.qh.gov.cn/msfw/system/2019/02/07/010323758.shtml
【果洛州】玛沁构建医共体缓解居民看病“远难贵”,http://www.qh.gov.cn/zwgk/system/2019/02/10/010323824.shtml
青海大学,https://souky.eol.cn/news/takeinfo/996/54122.html
青海大学举行建校60周年庆祝大会,http://www.huaxia.com/qh-tw/qhyw/2018/08/5863372.html
青海大学迎来60年校庆,http://www.huaue.com/unews2018/201882090417.htm
青海大学2018年本科招生章程,http://edu.sina.com.cn/gaokao/2018-06-23/doc-iheirxye5558542.shtml
青海大学生足球联赛4名裁判被围殴 2人鼻骨骨折,http://edu.sina.com.cn/l/2018-04-19/doc-ifzfkmth6797002.shtml
青海大学:高原上隆起的人才高地,http://www.wokeji.com/app/qinhaisheng/2018-04/04/content_655360.shtml
青海“双一流”大学名单公布 青海大学成功入选,http://www.cunet.com.cn/daxue/HTML/240940.html
青海大学2017级研究生新生报到须知,http://www.cnky.net/kaoyanxinxi/yuanxiao/20170610168081.shtml
青海大学2017年二次调剂公告,http://www.cnky.net/kaoyanxinxi/kaoyantiaoji/20170328167354.shtml
“青海-甘肃食品研发及检测联合实验室”暨“青海大学食品科学与...,http://www.gx211.com/news/2016112/n9253405175.html
青海大学三个课题被列入国家重点研发计划专项课题,http://www.gx211.com/news/20161026/n4504403054.html
青海大学举行国家重点实验室建设与运行实施方案工作论证会,http://www.gx211.com/news/2016831/n2386390077.html
真情帮扶 无私奉献——记对口支援青海大学的专家教授,http://www.qh.gov.cn/zwgk/system/2016/07/11/010223664.shtml
青海大学成功承办“中国制造2025”专题论坛,http://www.gx211.com/news/2016627/n0680377393.html
