南昌大学2019工程热物理专业考研调剂信息,http://kaoyan.xdf.cn/201902/10858192.html
"南昌大学四附院:助力春运,情洒红土地",http://jk.jxcn.cn/system/2019/02/22/017384687.shtml
"南昌大学不是江西第一?是这份排名不靠谱,还是南昌大学不靠谱?",http://hunan.news.163.com/16/0614/10/E70RTCKB0516ERBF.html
南昌大学志愿者协会团总支参观中共一大会址,http://qnzz.youth.cn/place/gxtw/201902/t20190219_11872923.htm?utm_source=UfqiNews
全国第一批罕见病诊疗协作网医院名单公布 江西共有12家医院入选,http://www.scxxb.com.cn/html/2019/rdgz_0225/659988.html
72种先天性结构畸形疾病可获救助 吉安一医院列为定点机构,http://3g.163.com/news/article/E8RTI9MA00018AP2.html
江西12家医院入选首批国家级名单 九江市一医院上榜,http://jj.jxnews.com.cn/system/2019/02/25/017387480.shtml
南昌大学第四附属医院召开2019年质量管理大会,http://jk.jxcn.cn/system/2019/02/25/017387308.shtml
江西首个手语门诊开诊,http://www.jx.chinanews.com.cn/news/2019/0225/24197.html
"“没有你们,我们家早就垮了!” 乐安一贫困户红纸写信贴家门口感谢...",http://jiangxi.jxnews.com.cn/system/2019/02/25/017387077.shtml
江西首个手语门诊开诊,http://www.jx.chinanews.com.cn/news/2019/0225/24197.html
"“没有你们,我们家早就垮了!” 乐安一贫困户红纸写信贴家门口感谢...",http://jiangxi.jxnews.com.cn/system/2019/02/25/017387077.shtml
“零就业”家庭的特殊课,http://jx.people.com.cn/n2/2019/0225/c186330-32676191.html
江西首个手语门诊开诊 长期面向社会招募手语志愿者,http://news.china.com.cn/2019-02/24/content_74498568.htm
你们学校的简称都是啥?太有梗 笑到CRY,http://edu.sina.com.cn/gaokao/2019-02-24/doc-ihrfqzka8235665.shtml
支付宝德州扑克提现- 摔角网,http://www.shuaijiao.com/201902wlpltrlyt/19867037085726.html
深化改革为教育发展添动力-江西新闻网-中国江西网首页,http://jiangxi.jxnews.com.cn/system/2019/02/24/017386121.shtml
山西日报数字报,http://epaper.sxrb.com/shtml/sxrb/20190225/267440.shtml
校友会2019江西省大学排名:南昌大学第一,http://edu.sina.com.cn/gaokao/2019-01-22/doc-ihqfskcn9315966.shtml
生死时速!医护人员持续按压5分钟救活心脏骤停老人,http://jx.people.com.cn/n2/2019/0221/c186330-32668054.html?from=groupmessage
重庆工商大学2019年足球高水平运动队招生简章,https://www.eol.cn/chongqing/cqzt/201902/t20190220_1645419.shtml
江西智能制造“百花齐放”,http://www.ccin.com.cn/detail/2c68d81afd5668a85db6e0a32f6c60f3
江西在全国率先开展按流域设置环境监管,http://www.cnr.cn/jx/2011jxfw/xwjj/20190220/t20190220_524516003.shtml
江西公安115件事项“网上办” 平台可挪车、开锁、查重名,http://news.cnr.cn/native/city/20190219/t20190219_524514837.shtml
山西建有特色高水平本科教育|本科教育|学科|授课_新浪新闻,http://news.sina.com.cn/o/2019-02-19/doc-ihqfskcp6477188.shtml
江西省委组织部发布一批干部任前公示,http://renshi.people.com.cn/n1/2019/0219/c139617-30804609.html
沿着患者来的方向——全国人大代表张伟逆向“问诊”之路,http://www.ce.cn/xwzx/gnsz/gdxw/201902/19/t20190219_31504915.shtml
"高校简称华中大,南大之争引热议,网友:唯独北大没人抢",http://www.thepaper.cn/newsDetail_forward_3002549
吉安市委常委、政法委书记刘贤清拟提名为市政协主席候选人,http://finance.sina.com.cn/roll/2019-02-18/doc-ihrfqzka6913728.shtml
江西:林农林企可申请林地经营权登记,http://news.sina.com.cn/o/2019-02-18/doc-ihqfskcp6282027.shtml
患者在心头——全国人大代表张伟采访手记,http://news.sina.com.cn/c/2019-02-18/doc-ihqfskcp6258355.shtml
"《“不仅要执法,更要懂得关爱”》·民警寒雨中送关爱上门",http://jiangxi.jxnews.com.cn/system/2019/02/18/017375716.shtml
"军队重用“李云龙式”将领,谁被破格提拔?",https://www.jfdaily.com/news/detail?id=133503
"真方便!在南昌,无卡就诊真的来啦!",http://www.thepaper.cn/newsDetail_forward_2998799
深圳秒慧好记星教育口碑怎么样,http://www.sdnews.com.cn/edu/201901/z6055.html
江西“无卡就医” 模式兴起,http://finance.sina.com.cn/roll/2019-02-17/doc-ihrfqzka6489287.shtml
南昌大学2019硕士研究生入学初试成绩查询公告,http://www.mbachina.com/html/ncu/20190224/181496.html
深圳星火教育费用多少钱,http://www.sdnews.com.cn/edu/201901/z6145.html
南昌大学2019硕士研究生入学初试成绩查询公告,http://www.mbachina.com/html/ncu/201902/181496.html
"一个“南大”几家抢,新兴缩略词平添不少“烦恼”",http://china.huanqiu.com/article/2019-02/14326099.html
"雨雪冰冻预警!雨下个没完,这些地方要停电……",http://jiangxi.jxnews.com.cn/system/2019/02/16/017374215.shtml
立昂技术股份有限公司第三届董事会第一次会议决议公告,http://finance.sina.com.cn/roll/2019-02-16/doc-ihrfqzka6211684.shtml
重庆三峡学院2019年美术招生简章,https://www.eol.cn/chongqing/cqzt/201902/t20190215_1644671.shtml
国务院:任命钟登华为教育部副部长,http://www.edu.cn/zhong_guo_jiao_yu/jiao_yu_bu/xin_wen_dong_tai/201902/t20190215_1644821.shtml
天津大学校长钟登华任教育部副部长(图/简历),http://www.ce.cn/xwzx/gnsz/gdxw/201902/15/t20190215_31488953.shtml
重庆文化艺术职业学院2019年重庆市高职分类考试招生章程,https://www.eol.cn/chongqing/cqzt/201902/t20190215_1644659.shtml
近期医院接诊骨头卡喉病人增多,http://jiangxi.jxnews.com.cn/system/2019/02/15/017371957.shtml
《最强大脑》成“音乐人”集结地 花式吸睛,http://www.dzwww.com/yule/dy/201902/t20190214_18392518.htm
[消息]《最强大脑》成“音乐人”集结地跨界选手频频上演花式吸睛,https://idol001.com/userquan/54b0e60bcd4e703c628b4706/detail/5c63defef66046085b8b5560/
江西人工智能学会成立,http://www.ccin.com.cn/detail/014c3f1e9a75109f70c7492289c0a493
