全国普通高校学科竞赛排行榜发布 海大等6所海南高校上榜,http://news.hainan.net/hainan/minsheng/minshengliebiao/2019/02/24/3924724.shtml
点赞!海大教师王联春荣获东方市“十大好人”称号,http://www.mbachina.com/html/hainu/20190225/181577.html
海南日报数字报-海南大学女篮夺冠,http://hnrb.hinews.cn/html/2019-02/21/content_8_8.htm
海南大学2019年考研初试成绩查询入口开通:2月15日,http://kaoyan.eol.cn/ge_di_kao_yan/hainan/hai_nan/201902/t20190218_1645035.shtml
海大入选第二批“三全育人”综合改革试点高校,http://www.hainan.gov.cn/hainan/5309/201902/71237802087843e4bd094cfe4eb83502.shtml
海南大学成人高等教育2019级新生入学须知,http://chengkao.eol.cn/a/20190225103757.html
叮!您有一份《海大寒假生存指南》待查收→,http://www.mbachina.com/html/hainu/20190224/180055.html
"世界湿地日:今天,带你邂逅海南大美湿地景观!",http://www.mbachina.com/html/hainu/20190224/180116.html
6所海南高校上榜,http://hnrb.hinews.cn/h5/html5/2019-02/24/content_2_8.htm
海南儋州与洋浦加强“港城融合”促自贸区(港)建设,http://www.chinanews.com/cj/2019/02-22/8762274.shtml
6所海南高校上榜,http://hnrb.hinews.cn/h5/html5/2019-02/24/content_2_8.htm
海大2019年高水平运动队招生简章 - 海南大学经济与管理学院- MBA...,http://www.mbachina.com/html/hainu/20190225/179829.html
马云:海南大学是少了一点 但别乱引进某某大学分校,https://tech.sina.com.cn/i/2019-01-14/doc-ihqfskcn6963422.shtml
海南大学女篮夺冠,http://hnrb.hinews.cn/h5/html5/2019-02/21/content_8_8.htm
海南大学2019年考研初试成绩查询入口开通,http://kaoyan.xdf.cn/201902/10854316.html
各类人才代表共话海南新机遇:让四方之才各尽其用服务海南发展,http://hi.people.com.cn/n2/2019/0215/c231190-32640656.html
让四方之才各尽其用服务海南发展,http://www.hainan.gov.cn/hainan/5309/201902/215d5599b52749e0b20ec19c21ec85e4.shtml
你也许没见过海南大学的这种美!,http://www.mbachina.com/html/hainu/201810/170730.html
海南大学,https://souky.eol.cn/news/takeinfo/515/70550.html
"海南大学60周年校庆公告新鲜出炉,邀您共赴金秋之约",http://www.mbachina.com/html/cjxw/197001/160913.html
滨州医学院开始接收2019年硕士研究生预调剂信息,https://www.eol.cn/shandong/yuanxiaochuanzhen/201902/t20190220_1645427.shtml
青岛理工大学土木工程学院发布2019年预调剂公告,https://www.eol.cn/shandong/yuanxiaochuanzhen/201902/t20190220_1645330.shtml
潭州教育受邀参加“2019新工科建设与发展高峰论坛”,https://tech.china.com/article/20190220/kejiyuan0129242476.html
新春里看见艺术的力量|海南|汉声|游客_新浪新闻,http://news.sina.com.cn/s/2019-02-20/doc-ihqfskcp6802796.shtml
学者:警惕日本搞“东海南海联动”对华战略对冲,http://news.sina.com.cn/c/2019-02-20/doc-ihrfqzka7352447.shtml
济南九中召开新学期第一次全体教职工大会,https://www.eol.cn/shandong/yuanxiaochuanzhen/201902/t20190219_1645241.shtml
山东建筑大学发布法学院法律硕士预调剂通知,https://www.eol.cn/shandong/yuanxiaochuanzhen/201902/t20190219_1645169.shtml
"""看见艺术的力量""迎春人文艺术沙龙海口举行",http://www.tibet.cn/cn/Instant/travel/201902/t20190219_6506555.html
东海-南海联动?日本掀不起大风浪!,http://finance.sina.com.cn/roll/2019-02-19/doc-ihqfskcp6469192.shtml
“祝大家新年快乐”,http://www.hntqb.com/html/2019-02/18/content_157882_943069.htm
"回味2018,奋进2019!青岛五十八中2018年十件大事揭晓",https://www.eol.cn/shandong/yuanxiaochuanzhen/201902/t20190218_1645043.shtml
椰城:花店触网要打通配送“最后一公里”,http://www.tibet.cn/cn/Instant/travel/201902/t20190218_6505371.html
我省公布2019年全国 硕士研究生考试成绩,http://news.sina.com.cn/s/2019-02-18/doc-ihrfqzka6758703.shtml
专访《流浪地球》导演郭帆:科幻电影的土壤是这个时代,http://www.ceweekly.cn/2019/0218/249178.shtml
"《流浪地球》导演郭帆谈“中国科幻电影”“就像个小孩,期待他健康...",http://finance.sina.com.cn/roll/2019-02-18/doc-ihrfqzka6701598.shtml
艺术之花将在海口长久绽放|海南|海口|艺术家_新浪新闻,http://news.sina.com.cn/s/2019-02-17/doc-ihrfqzka6494478.shtml
山工艺书法专业报录比达65:1 计划增设书法教育专业,https://www.eol.cn/shandong/shandongnews/201902/t20190217_1644936.shtml
探访艺考现场!山东艺术学院舞蹈专业两千余考生展风姿,https://www.eol.cn/shandong/shandongnews/201902/t20190216_1644931.shtml
前海开源沪港深龙头精选灵活配置混合型证券投资基金招募说明书(...,http://finance.sina.com.cn/roll/2019-02-16/doc-ihqfskcp5616933.shtml
深圳新东方优能1对1可靠吗,http://www.sdnews.com.cn/edu/201901/z5497.html
山艺音乐学院计划招生199人 省内外基本乐科考试统一标准,https://www.eol.cn/shandong/shandongnews/201902/t20190216_1644934.shtml
让四方之才各尽其用服务海南发展 - 琼台往来,http://www.huaxia.com/qtzmd/jrhn/hnxw/2019/02/6027074.html
海南晒自贸区首批制度创新“成绩单”:首单知识产权证券化体现“...,http://www.ceweekly.cn/2019/0215/248905.shtml
山艺艺考报名人数超6.7万 最高专业报录比达152:1,https://www.eol.cn/shandong/shandongnews/201902/t20190214_1644607.shtml
海南首次公布河长制湖长制工作评估情况,http://news.sina.com.cn/c/2019-02-14/doc-ihqfskcp5165735.shtml
暴雪宣布迎来新一轮裁员人数达百人 拳头发文表示遗憾,http://news.duowan.com/1902/414071681242.html
EDG小东北疑似转型上单组新阵容?但战绩却不忍直视,http://news.duowan.com/1902/414069103432.html
9.3版本将使GRF战队元气大伤?不败战绩能否被打破,http://news.duowan.com/1902/414066576009.html
情人节美女解说送上祝福 没有恩静Faker再次遭到躺枪,http://news.duowan.com/1902/414031921531.html?fromlolbox
福布斯欧洲30岁以下精英榜单:欧成Caps携手上榜,http://news.duowan.com/1902/414033030464.html
