新疆大学2019软件工程专业考研调剂信息通知,http://kaoyan.xdf.cn/201902/10858218.html
新疆大学学员参加达内iOS培训 获11K月薪实现高薪白领梦,http://edu.enorth.com.cn/system/2019/02/20/036870225.shtml
中国城市报-人民网,http://paper.people.com.cn/zgcsb/html/2019-02/25/content_1910656.htm
林基路:丹心耀天山_中国经济网——国家经济门户,http://www.ce.cn/xwzx/gnsz/gdxw/201902/25/t20190225_31555378.shtml
中办国办文件:部省合建支持中西部地区14所高等学校发展,http://kaoyan.eol.cn/nnews/201902/t20190225_1645918.shtml
新疆96个县(市、区)划定畜禽养殖禁养区,http://news.sina.com.cn/o/2019-02-22/doc-ihrfqzka8179288.shtml
2019考研分数线和国家线有什么关系?一样吗?,http://3g.163.com/news/article/E8FNIJUT0516CMH0.html
积极作为做好公益诉讼工作|公益诉讼|检察机关|人民群众_新浪新闻,http://news.sina.com.cn/o/2019-02-20/doc-ihqfskcp6766175.shtml
【为了民族复兴·英雄烈士谱】林基路:丹心耀天山,http://www.dzwww.com/xinwen/guoneixinwen/201902/t20190219_18409786.htm
重庆发往秦安的物流电话,http://news.hainan.net/hainan/flxx/rp7qo-3072015-9827.html
新疆:2018年近1.8万内地高校新疆籍贫困学生获援疆资金补助,http://news.sina.com.cn/c/2019-02-18/doc-ihqfskcp6270999.shtml
2019新疆春季人才交流会拉开序幕 万余岗位等你来,http://news.sina.com.cn/o/2019-02-17/doc-ihqfskcp6066531.shtml
重庆到丹东的物流电话,http://news.hainan.net/hainan/flxx/rp7qo-3072015-7051.html
新疆2019年考研初试成绩2月18日18时公布,http://edu.sina.com.cn/kaoyan/2019-02-15/doc-ihrfqzka6115651.shtml
1人对应1.8个岗位 在杭就业还有各项丰富福利,http://zj.qq.com/a/20190215/003027.htm
重庆发往乐昌的物流公司_收费标准_准时送达,http://news.hainan.net/hainan/flxx/rp7qo-3072015-5890.html
重庆直达依安的物流运输电话,http://news.hainan.net/hainan/flxx/rp7qo-3072015-5287.html
名校毕业生去哪儿了“双一流”高校公布就业成绩单,http://www.hsrb.com.cn/a/jiaoyu/1/2019/0211/191278.html
渝北网络教育价格,http://news.hainan.net/hainan/syxw/Lal6u8/h1796459.html
国内支付巨头抢占校园支付场景 业内人士:后来者入局较困难,http://www.jiaodong.net/icity/system/2019/01/28/013814910.shtml
新疆大学MPA硕士研究生答辩通知,http://www.mbachina.com/html/xju/20190225/175573.html
2018新疆大学招聘事业单位人员147人公告,http://www.zgjsks.com/html/2018/xj_0710/315480.html
新疆大学2018年本科招生章程,http://edu.sina.com.cn/gaokao/2018-06-11/doc-ihcufqih0482330.shtml
双一流高校:新疆大学,http://edu.163.com/photoview/KRR90029/2237814.html#p=DGDOK2K6KRR90029NOS
新疆大学继续教育学院,http://zikao.eol.cn/xjdx/zsjz.html
2018年新疆大学工程管理硕士MEM招生简章,http://www.hqwx.com/web_news/html/2017-10/15088307321118.html
西安交大参加对口支援新疆大学2017年度工作会议,http://news.xjtu.edu.cn/info/1002/80525.htm
新疆大学成自治区中唯一世界一流大学建设高校,http://gaokao.xdf.cn/201709/10718336.html
2017新疆大学分省录取分数线(持续更新),http://edu.people.com.cn/n1/2017/0810/c244541-29463021.html
"新疆大学人事调整:周旭勇任党委书记,卫利·巴拉提任校长",http://www.thepaper.cn/newsDetail_forward_1653499
新疆大学,https://www.caigou.com.cn/edu/314.shtml
新疆大学第五届研究生支教团个人简介,http://xibu.youth.cn/gzdt/gddt/201612/t20161202_8908115_1.htm
新疆:总投资69亿元建设新疆大学城北校区,http://www.gx211.com/news/20161020/n1008401319.html
新疆大学进全国百强!你的学校排第几?,http://news.hexun.com/2015-11-23/180742279.html
于炯:明德求新 尚用笃行,http://www.jyb.cn/china/rwfc/201507/t20150723_631103.html
新疆大学生:敢不敢听我们说真相?,http://www.chinaxinjiang.cn/zixun/xjxw/201507/t20150714_496957.htm
新疆大学校训背后的故事,http://guoxue.k618.cn/xxjy/201503/t20150319_5893405.htm
新疆大学庆祝建校90周年(图),http://news.163.com/14/0921/14/A6M34OGO00014AED.html
新疆大学举行主题座谈会,http://news.hexun.com/2014-09-11/168372791.html
乌鲁木齐“7-5事件”前传:新疆大学保卫战,http://news.sohu.com/20120703/n347178095.shtml
重点实验室,http://www.gx211.com/collegemanage/content211_06.shtml
新疆大学清退18名造假入学的学生(图),http://edu.163.com/11/0422/09/72800FV700293L7F_mobile.html
【新大新闻】真情系学子 大爱暖寒冬:我校深入开展2019年寒假家访...,http://m.sohu.com/a/296298631_712942/
2019调剂| 新闻传播考研最新最全调剂攻略,http://m.sohu.com/a/296208352_497719
西安交通大学对口支援新疆大学工作情况总结,http://www.moe.gov.cn/s78/A08/gjs_left/s5174/moe_744/tnull_8328.html
新疆大学校本部13、14号楼维修改造工程设计项目更正公告,http://www.caigou2003.com/tender/change/4208335.html
新疆大学喜迎新时代:5个自治区中唯一世界一流大学建设高校,http://money.163.com/17/0921/22/CUT27AQ5002580S6.html#from=keyscan
重庆到宝塔的物流运输电话,http://news.hainan.net/hainan/flxx/rp7qo-3072015-5246.html
重庆发往水富的物流电话多少,http://news.hainan.net/hainan/flxx/rp7qo-3072015-5843.html
【英雄烈士谱】林基路:丹心耀天山,http://cnews.chinadaily.com.cn/a/201902/18/WS5c6a46a1a31010568bdca63a.html
