贵州大学高级管理人员工商管理硕士2019年调剂意向采集公告,http://kaoyan.eol.cn/ge_di_kao_yan/guizhou/gui_zhou/201902/t20190225_1645935.shtml
贵州出台推进一流大学建设管理办法 重点支持贵州大学创建国内一流...,http://news.sina.com.cn/c/2019-02-16/doc-ihrfqzka6301096.shtml
贵州大学入选教育部“三全育人”综合改革试点单位,http://www.huaxia.com/gz-tw/gzkx/2019/02/6024173.html
重点支持贵州大学 创建国内一流大学,http://epaper.gywb.cn/epaper/gyrb/html/2019-02/16/content_34853.htm
贵州大学2019年高水平运动队招生简章,https://www.eol.cn/guizhou/guizhou_zhce/201902/t20190214_1644553.shtml
中央部省合建支持中西部地区14所高等学校发展,http://edu.sina.com.cn/gaokao/2019-02-25/doc-ihsxncvf7570256.shtml
全国高校教师教学竞赛分析报告(2012-2018),https://www.eol.cn/news/yaowen/201902/t20190225_1645917.shtml
“土味文化”异军突起 “野生网红”崛起发力乡村脱贫,http://www.cntvsp.cn/shipingnews/cs/2019/0225/15082.html
骄傲!贵州这 5 所高校入选一国家级重磅榜单,http://news.qx162.com/edu/2019/0225/277924.shtml
"郭松,在中国散文年会梅开二度的作家",http://edu.yunnan.cn/system/2019/02/25/030210798.shtml
骄傲!贵州这 5 所高校入选一国家级重磅榜单,http://news.qx162.com/edu/2019/0225/277924.shtml
"郭松,在中国散文年会梅开二度的作家",http://edu.yunnan.cn/system/2019/02/25/030210798.shtml
2018国家奖学金获奖学生代表名录(获奖名单照片+资料),http://m.mnw.cn/edu/news/2131492.html
去年约5万名本专科学生获国家奖学金 百名优秀代表公布,http://edu.youth.cn/jyzx/jyxw/201902/t20190225_11878619.htm
教育部公布国家奖学金名单 海南两名学生上榜,http://hi.people.com.cn/n2/2019/0225/c231190-32676828.html
贵州:奋力实现百姓富生态美有机统一_最新林业信息,http://www.cntgol.com/m/view.php?aid=216754
贵州大学入选第二批“三全育人”改革试点单位,http://www.gog.cn/zonghe/system/2019/02/13/017107274.shtml
"2018贵州省大学排名,贵州大学第一",http://learning.sohu.com/20180626/n528523934.shtml
2018年贵州大学考研成绩查询入口今日开通,http://www.kaoyan365.cn/dongtai/127008.html
"投票丨1月9日起,开启网上投票!你心中的贵州“科技榜样”是哪个?",http://news.sina.com.cn/o/2018-01-05/doc-ifyqiwuw6621609.shtml
贵州“小康水”将投资45亿,http://news.sina.com.cn/c/2019-02-19/doc-ihqfskcp6516506.shtml
打造粤港澳大湾区教育和人才高地,http://news.sina.com.cn/o/2019-02-19/doc-ihqfskcp6465422.shtml
翟天临事件引发学术界震动 高校师生热议“学术不端”,http://www.gog.cn/zonghe/system/2019/02/18/017116093.shtml
跨过贫困坎 迈进康庄道,http://www.tibet.cn/cn/Instant/travel/201902/t20190218_6505384.html
于跃敏走访高层次人才|于跃敏|叶钟|金建祥_新浪新闻,http://news.sina.com.cn/c/2019-02-18/doc-ihqfskcp6176946.shtml
贵州长诗集《匠心茅台》入选,http://epaper.gywb.cn/ipaper/gyrb/html/2019-02/17/content_34860.htm
山工艺书法专业报录比达65:1 计划增设书法教育专业,https://www.eol.cn/shandong/shandongnews/201902/t20190217_1644936.shtml
上海今年将新增就业岗位五十万个,http://news.sina.com.cn/c/2019-02-17/doc-ihrfqzka6477587.shtml
茶场电源防雷模块科比特电压保护水平,http://news.hainan.net/hainan/flxx/geod1-324571-44718.html
贵州大学2018年招生计划,https://gkcx.eol.cn/schoolhtm/schoolInfo/935/10128/520237.htm
北京自考考试科目哪家好_哪个好_学费-鲁网,http://www.sdnews.com.cn/edu/j_1895/0_aa87.html
@贵州考研生!2019考研初试成绩查询渠道已开通,http://www.gog.cn/zonghe/system/2019/02/16/017114191.shtml
贵州大学2019年考研初试成绩查询入口开通:2月16日10时,http://kaoyan.eol.cn/ge_di_kao_yan/guizhou/gui_zhou/201902/t20190216_1644932.shtml
北京初级会计师课程哪家好_哪个好_学费-鲁网,http://www.sdnews.com.cn/edu/j_18e7/0_aac3.html
贵阳民警马金涛入选 二月“中国好人榜”候选人,http://epaper.gywb.cn/ipaper/gyrb/html/2019-02/16/content_34854.htm
全市去年规模以上工业增加值增长7.4%,http://epaper.gywb.cn/ipaper/gyrb/html/2019-02/16/content_34852.htm
山艺音乐学院计划招生199人 省内外基本乐科考试统一标准,https://www.eol.cn/shandong/shandongnews/201902/t20190216_1644934.shtml
贵州省政府发布一批干部任免,http://renshi.people.com.cn/n1/2019/0215/c139617-30691121.html
"返乡大学生看""组组通"":创业的信心比勇气更珍贵",http://edu.enorth.com.cn/system/2019/02/14/036846956.shtml
贵州将涉农资金统筹整合,http://news.sina.com.cn/o/2019-02-14/doc-ihqfskcp5165050.shtml
最被看好十大港股:野村将中国铁塔目标价升至2.02元,http://finance.sina.com.cn/stock/hkstock/hkstocknews/2019-02-14/doc-ihrfqzka5745920.shtml
全产业链转型升级 贵州茶面临新机遇,http://news.sina.com.cn/o/2019-02-14/doc-ihqfskcp5183907.shtml
河南省2019年春季大型招聘会首日火爆 转型企业“唱主角”高级人才...,http://www.huaxia.com/ytsc/hnyw/2019/02/6025122.html
贵州大学入选第二批“三全育人”改革试点单位,http://www.gog.cn/zonghe/system/2019/02/13/017107274.shtml
【新春走基层】创业的信心比勇气更珍贵,http://www.jcrb.com/xztpd/ZT2019/201901zt/xczjc/zxxx/201902/t20190212_1960392.html
"2018贵州省大学排名,贵州大学第一",http://learning.sohu.com/20180626/n528523934.shtml
2018年贵州大学考研成绩查询入口今日开通,http://www.kaoyan365.cn/dongtai/127008.html
"投票丨1月9日起,开启网上投票!你心中的贵州“科技榜样”是哪个?",http://news.sina.com.cn/o/2018-01-05/doc-ifyqiwuw6621609.shtml
贵州大学入选“双一流”学科建设高校名单,http://news.gog.cn/system/2017/09/21/016115826.shtml?from=groupmessage&isappinstalled=0
贵州大学公共管理学院2017年硕士研究生招生复试工作方案,http://www.mbachina.com/html/mpafs/201703/105595.html
