西藏大学艺术硕士 作品音乐会在穗举行,http://szsb.sznews.com/MB/content/201902/22/content_567763.html
西藏当代音乐创作的新高度,http://www.dzwww.com/yule/tt/201902/t20190222_18421635.htm
记西藏大学宇宙线教育部重点实验室建设,http://www.tibet.cn/cn/Instant/news/201902/t20190219_6506527.html
西藏大学开发出阳光藏汉双向机器翻译系统,http://www.tibet.cn/cn/edu/201902/t20190211_6500212.html
中央部省合建支持中西部地区14所高等学校发展,http://edu.sina.com.cn/gaokao/2019-02-25/doc-ihsxncvf7570256.shtml
四十多年前的援藏记忆,http://www.tibet.cn/cn/aid_tibet/news/201902/t20190225_6511364.html
全国高校教师教学竞赛分析报告(2012-2018),https://www.eol.cn/news/yaowen/201902/t20190225_1645917.shtml
2018国家奖学金获奖学生代表名录(获奖名单照片+资料),http://m.mnw.cn/edu/news/2131492.html
教育部公布国家奖学金名单 海南两名学生上榜,http://hi.people.com.cn/n2/2019/0225/c231190-32676828.html
去年约5万名本专科学生获国家奖学金 两名安徽高校优秀代表,http://ah.ifeng.com/a/20190225/7233980_0.shtml
中国28所知名艺术院校共同成立了“一带一路”民族艺术教育联盟,https://www.yidaiyilu.gov.cn/xwzx/roll/80337.htm
西藏完成13000多函古籍普查登记,http://sn.people.com.cn/n2/2019/0219/c378296-32658095.html
西藏大学2018年各省市各批次录取分数线,https://gaokao.eol.cn/xi_zang/dongtai/201808/t20180827_1622270.shtml
西藏大学2018年本科招生章程,http://edu.sina.com.cn/gaokao/2018-06-28/doc-iheqpwqx9492675.shtml
记西藏大学宇宙线教育部重点实验室建设,http://www.tibet.cn/cn/edu/201902/t20190219_6506402.html
西藏大学实施大学生创新创业项目900多个,http://www.sctv.com/wczq/dt/201902/t20190215_4096933.shtml
西藏大学实施大学生创新创业项目900多个,http://www.tibet.cn/cn/fp/201902/t20190214_6504141.html
记西藏大学宇宙线教育部重点实验室建设,http://xz.people.com.cn/n2/2019/0214/c138901-32637943.html
西藏大学实施大学生创新创业项目900多个,http://www.xzxw.com/shxf/201902/t20190214_2519002.html
"2019年西藏自治区大学排名,西藏大学第一",http://gaokao.xdf.cn/201902/10852678.html
民族宝藏《格萨尔》是民间艺术的灵感源泉,http://www.tibet.cn/cn/rediscovery/201902/t20190218_6505356.html
格桑花开 幸福路宽_区域经济观察_民主与法制网 国家一类新闻网站,http://www.mzyfz.com/html/1326/2019-02-18/content-1384106.html
西藏牧民新年话幸福:高海拔搬迁后“生活提档”,http://www.tibet.cn/cn/fp/201902/t20190215_6504215.html
格桑花开 幸福路宽 - 解放军报 - 中国军网,http://www.81.cn/jfjbmap/content/2019-02/15/content_227358.htm
宁夏颁布38条惠台政策|宁夏|台胞|政策_新浪新闻,http://news.sina.com.cn/o/2019-02-14/doc-ihqfskcp5242182.shtml
格桑花开 幸福路宽——西藏落实习近平总书记全国两会重要讲话精神...,http://www.gxnews.com.cn/staticpages/20190214/newgx5c651aa3-18039243.shtml
丁玲辉:注重乡村文化的传承与创新,http://ex.cssn.cn/mzx/201902/t20190213_4824550.shtml
【新春走基层】全国人大代表扎西江村:保护传承好民族文化,http://www.dzwww.com/xinwen/guoneixinwen/201902/t20190213_18386701.htm
保护传承好民族文化|江村|扎西|珞巴族_新浪新闻,http://news.sina.com.cn/c/2019-02-13/doc-ihrfqzka5311916.shtml
持续雨雪天气将影响假日返程|贵州|雨雪天气|假日_新浪新闻,http://news.sina.com.cn/o/2019-02-10/doc-ihrfqzka4626900.shtml
"童话,少年儿童成长羽翼下的风 ——全区首届“雅酷杯”少儿故事...",http://tibet.news.cn/2019-01/28/c_137773434.htm
西藏大学2018年各省市各批次录取分数线,https://gaokao.eol.cn/xi_zang/dongtai/201808/t20180827_1622270.shtml
西藏大学2018年本科招生章程,http://edu.sina.com.cn/gaokao/2018-06-28/doc-iheqpwqx9492675.shtml
"【新快讯】2018感动中国十大人物,第一位就是我们湖南人!",http://m.sohu.com/a/295999089_508512
"昨晚,一黄冈人入选CCTV感动中国!",http://m.sohu.com/a/295759696_688385
西藏大学实施大学生创新创业项目900多个,http://m.sohu.com/a/294640478_266317
记西藏大学宇宙线教育部重点实验室建设,http://www.tibet.cn/cn/edu/201902/t20190219_6506402.html
西藏大学实施大学生创新创业项目900多个,http://www.sctv.com/wczq/dt/201902/t20190215_4096933.shtml
西藏大学实施大学生创新创业项目900多个,http://www.tibet.cn/cn/index/edu/201902/t20190215_6504234.html
西藏大学实施大学生创新创业项目900多个,http://www.tibet.cn/cn/fp/201902/t20190214_6504141.html
记西藏大学宇宙线教育部重点实验室建设,http://xz.people.com.cn/n2/2019/0214/c138901-32637943.html
记西藏大学宇宙线教育部重点实验室建设,http://xz.people.com.cn/GB/n2/2019/0214/c138901-32637943.html
西藏大学实施大学生创新创业项目900多个,http://www.xzxw.com/shxf/201902/t20190214_2519002.html
"2019年西藏自治区大学排名,西藏大学第一",http://gaokao.xdf.cn/201902/10852678.html
西藏大学开发出阳光藏汉双向机器翻译系统,http://www.tibet.cn/cn/index/edu/201902/t20190211_6500212.html
国家奖学金获奖学生代表名录,http://jl.people.com.cn/n2/2019/0225/c349771-32677446-2.html
“一带一路”民族艺术教育联盟成立,http://www.scio.gov.cn/m/31773/35507/35514/35522/Document/1647616/1647616.htm
西藏大学开发出阳光藏汉双向机器翻译系统,http://www.xzxw.com/xw/201902/t20190209_2517045.html
藏大发布“双一流”建设年度报告 - 西藏日报数字报刊,http://epaper.chinatibetnews.com/xzrb/html/2019-02/09/content_875622.htm
藏大发布“双一流”建设年度报告 - 西藏日报数字报刊,http://epaper.chinatibetnews.com/xzrb/html/2019-02/09/content_875622.htm?spm=smpc.content.content.1.1550428998819ukYXvEB
